street,city,state_zip,country
Farm Rd,Woodland,CA 95776,USA
24112 Co Rd 105,Davis,CA 95618,USA
9660 River Rd,Sacramento,CA 95832,USA
8645 Carlisle Ave,Sacramento,CA 95828,USA
6299 Glademont Ct,Carmichael,CA 95608,USA
10310 Clay Station Rd,Wilton,CA 95693,USA
6525 Sunrise Blvd,Citrus Heights,CA 95610,USA
Ernst Rd,Elverta,CA 95626,USA
S St T St Alley,Sacramento,CA 95819,USA
52445 Netherlands Rd,Clarksburg,CA 95612,USA
CA-113,Woodland,CA 95776,USA
50701-51365 Babel Slough Rd,Clarksburg,CA 95612,USA
10300 Dillard Rd,Wilton,CA 95693,USA
Metro Air Parkway,Sacramento,CA 95835,USA
4206 Ashton Dr,Sacramento,CA 95864,USA
10 Advantage Ct,Sacramento,CA 95834,USA
500 Ethan Way,Sacramento,CA 95825,USA
51114 Babel Slough Rd,Clarksburg,CA 95612,USA
E Park Rd,Sacramento,CA 95822,USA
48578-49498 Courtland Rd,Clarksburg,CA 95612,USA
12691 Woods Rd,Wilton,CA 95693,USA
2781 Castle Hill Ct,Sacramento,CA 95821,USA
7290 Levee Rd,Dixon,CA 95620,USA
3021 Freedom Park Dr,North Highlands,CA 95660,USA
4809 Willowbrook Dr,Sacramento,CA 95842,USA
4528 50th St,McClellan Park,CA 95652,USA
E Drainage Canal,Elverta,CA 95626,USA
Unnamed Road,Woodland,CA 95776,USA
3900-3904 Millican Ct,Sacramento,CA 95826,USA
4438 Andrew Alan Ln,Fair Oaks,CA 95628,USA
41430 Co Rd 29,Davis,CA 95616,USA
2595 W Elkhorn Blvd,Rio Linda,CA 95673,USA
8984-9112 Gerber Rd,Sacramento,CA 95829,USA
781-841 W Elverta Rd,Elverta,CA 95626,USA
7109-7113 Zelinda Dr,Fair Oaks,CA 95628,USA
4050 Sunrise Blvd,Rancho Cordova,CA 95742,USA
W Elverta Rd,Sacramento,CA 95835,USA
4751 63rd St,Sacramento,CA 95820,USA
2701-2799 R St,Sacramento,CA 95816,USA
7601-7999 Solano County Rd,Davis,CA 95618,USA
39660 Waukeena Rd,Clarksburg,CA 95612,USA
6604-6608 Liberty Island Rd,Dixon,CA 95620,USA
Nishida Ln,Clarksburg,CA 95612,USA
45001 CR 155,West Sacramento,CA 95691,USA
Unnamed Road,Davis,CA 95618,USA
1694 Hoffman St,Woodland,CA 95776,USA
2520-2524 Snowy Egret Way,Elk Grove,CA 95757,USA
51220 Pumphouse Rd,Clarksburg,CA 95612,USA
7877 Locher Way,Citrus Heights,CA 95610,USA
3035 Mulvany Pl,West Sacramento,CA 95691,USA
9813-9885 Jetmar Way,Elk Grove,CA 95624,USA
7952 Pocket Rd,Sacramento,CA 95831,USA
8200-8298 Sun Peak Pl,Sacramento,CA 95829,USA
5319 Price Ave,McClellan Park,CA 95652,USA
4813-4817 Chicago Ave,Fair Oaks,CA 95628,USA
7850 24th St,Sacramento,CA 95832,USA
Dry Creek Bikeway,Rio Linda,CA 95673,USA
7473 Holworthy Way,Sacramento,CA 95842,USA
Rd 38,Dixon,CA 95620,USA
7517 Natomas Rd,Elverta,CA 95626,USA
6594 Point Pleasant Rd,Elk Grove,CA 95757,USA
11010-11016 Gelvani Way,Rancho Cordova,CA 95670,USA
39460 S River Rd,Clarksburg,CA 95612,USA
12846-13098 Meiss Rd,California,USA,
7810 Becker Rd,Davis,CA 95618,USA
6718 Sun Acer Way,Rio Linda,CA 95673,USA
9700 Antelope Rd,Roseville,CA 95747,USA
8690 Sunset Ave,Fair Oaks,CA 95628,USA
50914 S Netherlands Rd,Clarksburg,CA 95612,USA
500-558 Jones Way,Sacramento,CA 95818,USA
1411-1415 G St,Rio Linda,CA 95673,USA
45685 Co Rd 16,Woodland,CA 95776,USA
1803-1807 Kasser Rd,Elverta,CA 95626,USA
3859-3899 Land Park Dr,Sacramento,CA 95822,USA
Tule Jake Rd,West Sacramento,CA 95691,USA
Co Rd 103,Woodland,CA 95776,USA
1-999 El Monte Ave,Sacramento,CA 95815,USA
Whitehead St,Mather,CA 95655,USA
8174 Dillard Rd,Wilton,CA 95693,USA
11255 Green Rd,Wilton,CA 95693,USA
8201-8211 Rivergreen Dr,Elverta,CA 95626,USA
7670 Pleasant Grove Rd,Elverta,CA 95626,USA
32181 County Road 106,Dixon,CA 95620,USA
6017-6021 Snow Leopard Cir,Elk Grove,CA 95757,USA
Co Rd 16,Woodland,CA 95776,USA
4231 Gateway Park Blvd,Sacramento,CA 95834,USA
Washington Blvd,Roseville,CA 95678,USA
Harold T. Bizz Johnson Expy,Roseville,CA 95678,USA
44680 County Rd 28h,Woodland,CA 95776,USA
5118-5122 Harston Way,Antelope,CA 95843,USA
Levee Rd,Dixon,CA 95620,USA
Golden State Hwy & CA-99 & El Centro Blvd,Pleasant Grove,CA 95668,USA
8675 Poppy Ridge Rd,Elk Grove,CA 95757,USA
10345-10411 Baseline Rd,Elverta,CA 95626,USA
6801-6809 Liberty Island Rd,Dixon,CA 95620,USA
1285-1367 East St,Woodland,CA 95776,USA
38998 Z Line Rd,Clarksburg,CA 95612,USA
6955 Eschinger Rd,Elk Grove,CA 95757,USA
7826 El Modena Ave,Elverta,CA 95626,USA
10405 Dillard Rd,Wilton,CA 95693,USA
5080 Westbury Cir,Granite Bay,CA 95746,USA
1050-1052 Haman Way,Roseville,CA 95678,USA
3800-4684 Bayou Way,Sacramento,CA 95835,USA
5940 Outfall Cir,Sacramento,CA 95828,USA
18927-18999 Co Rd 122,West Sacramento,CA 95691,USA
6600 Cherry Ln,Rio Linda,CA 95673,USA
6750 Dyer Ln,Roseville,CA 95747,USA
9363 Defiance Cir,Sacramento,CA 95827,USA
7986 Runge Rd,Dixon,CA 95620,USA
2809 Korn Rd,Elk Grove,CA 95757,USA
8481 Bradshaw Rd,Elk Grove,CA 95624,USA
7635 Sloughhouse Rd,Elk Grove,CA 95624,USA
7900 Patton Ave,Citrus Heights,CA 95610,USA
10691 Birch Ranch Dr,Sacramento,CA 95830,USA
4719 Rancho Cordova P,Rancho Cordova,CA 95742,USA
54 Chip Shot Ct,Roseville,CA 95678,USA
4834-4842 Winter Haven Way,Roseville,CA 95747,USA
10672 Davis Rd,Wilton,CA 95693,USA
Becker Rd,Knights Landing,CA 95645,USA
362 Natoma Station Dr,Folsom,CA 95630,USA
4247-4251 Chinquapin Way,Sacramento,CA 95823,USA
17292 Co Rd 117,West Sacramento,CA 95691,USA
44288 Co Rd 30,Davis,CA 95618,USA
8109 Kammerer Rd,Elk Grove,CA 95757,USA
Unnamed Road,Elk Grove,CA 95624,USA
N Bayou Rd,Sacramento,CA 95837,USA
5720 Mesa Verde Cir,Rocklin,CA 95677,USA
4520 PFE Rd,Roseville,CA 95747,USA
41977-41999 Rd 104,Woodland,CA 95776,USA
3513-3517 High St,Sacramento,CA 95838,USA
4230 Grant Line Rd,Rancho Cordova,CA 95742,USA
11741 Valensin Ranch Rd,Galt,CA 95632,USA
11400 Stockton Blvd,Elk Grove,CA 95758,USA
2700 Sankey Rd,Pleasant Grove,CA 95668,USA
33947 Jefferson Blvd,Clarksburg,CA 95612,USA
7426-7478 Midway Rd,Dixon,CA 95620,USA
11300 Co Rd 116B,Woodland,CA 95776,USA
8268-9610 Dierks Rd,Sacramento,CA 95830,USA
370 Lambert Rd,Courtland,CA 95615,USA
4232 Grant Line Rd,Rancho Cordova,CA 95742,USA
43141 Montgomery Ave,Davis,CA 95618,USA
4103 Mindt Ct,Carmichael,CA 95608,USA
7478 Binghamton Rd,Dixon,CA 95620,USA
7480 Midway Rd,Dixon,CA 95620,USA
7722 Tremont Rd,Davis,CA 95618,USA
11601-11671 Florin Rd,Sacramento,CA 95830,USA
4401-4405 Elliot Ranch Rd,Elk Grove,CA 95758,USA
46501-47499 Teal Rd,Clarksburg,CA 95612,USA
31981 Rd 106,Dixon,CA 95620,USA
Co Rd 16,West Sacramento,CA 95691,USA
Ernst Rd,Rio Linda,CA 95673,USA
8027 Tremont Rd,Dixon,CA 95620,USA
7600 N 8th St,Sacramento,CA 95811,USA
Folsom South Canal,Mather,CA 95655,USA
1460 E Roseville Pkwy,Roseville,CA 95661,USA
1757-1787 Lathrop Way,Sacramento,CA 95815,USA
5522 Garfield Ave,Sacramento,CA 95841,USA
5848 Liberty Island Rd,Dixon,CA 95620,USA
9347 Florin Rd,Sacramento,CA 95829,USA
2612 Marina Point Ln,Elk Grove,CA 95758,USA
10350-10382 Stathos Dr,Elk Grove,CA 95757,USA
32029 Rd 105,Davis,CA 95618,USA
4838 Eagle Peak Ct,Antelope,CA 95843,USA
13131 Rising Rd,Wilton,CA 95693,USA
1227 Pleasant Grove Blvd,Roseville,CA 95678,USA
5205 S Brewer Rd,Pleasant Grove,CA 95668,USA
3933 Tallyho Dr,Sacramento,CA 95826,USA
7427-7699 Yolano Rd,Dixon,CA 95620,USA
7464 Heatherpace Ln,Sacramento,CA 95829,USA
7348 Florinda Way,Sacramento,CA 95828,USA
7320 Vaughn Rd,Dixon,CA 95620,USA
1708-1716 Bamboo St,Roseville,CA 95747,USA
6313-6329 Lincoln Ave,Carmichael,CA 95608,USA
Dwight D. Eisenhower Hwy & I-80 & Northgate Blvd,Sacramento,CA 95834,USA
Dwight D. Eisenhower Hwy,Davis,CA 95618,USA
R3E Camino Ct,Dixon,CA 95620,USA
6531 Schoolhouse Rd,Sacramento,CA 95837,USA
44018 Co Rd 28H,Woodland,CA 95776,USA
1717 5th St,Davis,CA 95616,USA
Bryte Bend Rd,Sacramento,CA 95833,USA
6342-6366 Morgan Pl,Loomis,CA 95650,USA
10231 Bruceville Rd,Elk Grove,CA 95757,USA
9738-9870 Elder Creek Rd,Sacramento,CA 95829,USA
8149 King Rd,Dixon,CA 95620,USA
2100-2124 42nd St,Sacramento,CA 95817,USA
3100-3104 Windsor Dr,Sacramento,CA 95864,USA
5405-5409 Colusa Way,Sacramento,CA 95841,USA
8150-8178 Industrial Ave,Roseville,CA 95678,USA
Rd 107A,West Sacramento,CA 95691,USA
14877 Howald Dr,Woodland,CA 95776,USA
